{"cameraMode":{"drawMode":0,"name":"Shaded","section":"Shading Mode"},"sceneLighting":true,"audioPlay":false,"sceneViewState":{"m_AlwaysRefresh":false,"showFog":true,"showSkybox":false,"showFlares":true,"showImageEffects":true,"showParticleSystems":true,"showVisualEffectGraphs":true,"m_FxEnabled":true},"in2DMode":false,"pivot":{"x":-1.370980143547058,"y":3.8929004669189455,"z":8.949480056762696},"rotation":{"x":0.17131397128105164,"y":-0.22504831850528718,"z":0.04080994054675102,"w":0.9584903717041016},"size":3.9173130989074709,"orthographic":false}