{"cameraMode":{"drawMode":0,"name":"Shaded","section":"Shading Mode"},"sceneLighting":true,"audioPlay":false,"sceneViewState":{"m_AlwaysRefresh":false,"showFog":true,"showSkybox":true,"showFlares":true,"showImageEffects":true,"showParticleSystems":true,"showVisualEffectGraphs":true,"m_FxEnabled":true},"in2DMode":false,"pivot":{"x":0.06879615783691406,"y":9.016020774841309,"z":-39.23347091674805},"rotation":{"x":-0.2504717707633972,"y":0.04095983877778053,"z":-0.014860070310533047,"w":-0.9675289988517761},"size":8.854752540588379,"orthographic":false}