{"cameraMode":{"drawMode":0,"name":"Shaded","section":"Shading Mode"},"sceneLighting":true,"audioPlay":false,"sceneViewState":{"m_AlwaysRefresh":false,"showFog":true,"showSkybox":true,"showFlares":true,"showImageEffects":true,"showParticleSystems":true,"showVisualEffectGraphs":true,"m_FxEnabled":true},"in2DMode":false,"pivot":{"x":0.12152723968029022,"y":1.9256362915039063,"z":3.2451248168945314},"rotation":{"x":0.00015973136760294437,"y":0.9960569143295288,"z":-0.08869282156229019,"w":0.0017939233221113682},"size":20.335302352905275,"orthographic":false}